{
  "frame_sync": {
    "read_frame": {
      "count": 100,
      "mean_ms": 0.21118501000000123,
      "std_ms": 0.22626026243836103,
      "min_ms": 0.17370799999993913,
      "max_ms": 2.4566670000001345,
      "p50_ms": 0.1845004999999622,
      "p95_ms": 0.21986664999985583,
      "p99_ms": 0.3170700900000933
    }
  },
  "frame_async": {
    "get_frame": {
      "count": 100,
      "mean_ms": 0.0002675299999999048,
      "std_ms": 0.00033844135252873996,
      "min_ms": 4.19999999223819e-05,
      "max_ms": 0.0020830000000415794,
      "p50_ms": 0.00016700000005087645,
      "p95_ms": 0.0006868500000312127,
      "p99_ms": 0.001960239999996283
    }
  },
  "model_batch_1": {
    "inference": {
      "count": 50,
      "mean_ms": 29.58490581999998,
      "std_ms": 1.9435239769708876,
      "min_ms": 26.258499999999962,
      "max_ms": 34.95900000000019,
      "p50_ms": 29.332937499999765,
      "p95_ms": 33.13024375000013,
      "p99_ms": 34.26179125000027
    },
    "per_frame": {
      "count": 50,
      "mean_ms": 29.58490581999998,
      "std_ms": 1.9435239769708876,
      "min_ms": 26.258499999999962,
      "max_ms": 34.95900000000019,
      "p50_ms": 29.332937499999765,
      "p95_ms": 33.13024375000013,
      "p99_ms": 34.26179125000027
    }
  },
  "model_batch_2": {
    "inference": {
      "count": 50,
      "mean_ms": 60.74451743999995,
      "std_ms": 13.04112000415862,
      "min_ms": 47.979541000000125,
      "max_ms": 84.38949999999946,
      "p50_ms": 54.07712500000028,
      "p95_ms": 82.48235450000014,
      "p99_ms": 83.5703224099996
    },
    "per_frame": {
      "count": 50,
      "mean_ms": 30.372258719999977,
      "std_ms": 6.52056000207931,
      "min_ms": 23.989770500000063,
      "max_ms": 42.19474999999973,
      "p50_ms": 27.03856250000014,
      "p95_ms": 41.24117725000007,
      "p99_ms": 41.7851612049998
    }
  },
  "model_batch_4": {
    "inference": {
      "count": 50,
      "mean_ms": 105.42276675999996,
      "std_ms": 4.908343274121827,
      "min_ms": 96.36929100000025,
      "max_ms": 116.697834,
      "p50_ms": 104.42387500000017,
      "p95_ms": 114.30772514999985,
      "p99_ms": 115.84572351000054
    },
    "per_frame": {
      "count": 50,
      "mean_ms": 26.35569168999999,
      "std_ms": 1.2270858185304567,
      "min_ms": 24.09232275000006,
      "max_ms": 29.1744585,
      "p50_ms": 26.10596875000004,
      "p95_ms": 28.576931287499963,
      "p99_ms": 28.961430877500135
    }
  },
  "skip_fixed": {
    "skip_rate": 2,
    "num_frames": 500,
    "frames_processed": 250,
    "skip_percentage": 50.0
  },
  "skip_adaptive": {
    "num_frames": 500,
    "frames_processed": 145,
    "skip_percentage": 71.0
  },
  "alloc_standard": {
    "allocation": {
      "count": 1000,
      "mean_ms": 0.0022323419999903393,
      "std_ms": 0.0002108240428346312,
      "min_ms": 0.0019169999987411757,
      "max_ms": 0.00683300000048348,
      "p50_ms": 0.002166999999886343,
      "p95_ms": 0.0026249999987904005,
      "p99_ms": 0.0029159999996863917
    }
  },
  "alloc_pooled": {
    "pool_acquire_release": {
      "count": 1000,
      "mean_ms": 0.0026881359999872956,
      "std_ms": 0.0002631621278269083,
      "min_ms": 0.0024999999990171773,
      "max_ms": 0.00870800000107863,
      "p50_ms": 0.0026250000004779395,
      "p95_ms": 0.0029160499996905287,
      "p99_ms": 0.003540999999884775
    }
  },
  "numpy_standard": {
    "operations": {
      "count": 500,
      "mean_ms": 1.577571498000058,
      "std_ms": 0.06196156049657533,
      "min_ms": 1.5132500000003546,
      "max_ms": 2.575208999999745,
      "p50_ms": 1.5690619999997324,
      "p95_ms": 1.6599076999997742,
      "p99_ms": 1.733975329999584
    }
  },
  "numpy_prealloc": {
    "operations": {
      "count": 500,
      "mean_ms": 1.5574012340000218,
      "std_ms": 0.04058967784671786,
      "min_ms": 1.4770000000012828,
      "max_ms": 1.864541999999858,
      "p50_ms": 1.5463755000002521,
      "p95_ms": 1.6218086499999451,
      "p99_ms": 1.720771669998733
    }
  },
  "pipeline": {
    "frame_read": {
      "count": 50,
      "mean_ms": 0.26733494000005464,
      "std_ms": 0.3008949367714768,
      "min_ms": 0.20137499999961506,
      "max_ms": 2.370582999999371,
      "p50_ms": 0.22145850000043765,
      "p95_ms": 0.2609268999995251,
      "p99_ms": 1.3399498299998094
    },
    "pose_inference": {
      "count": 50,
      "mean_ms": 39.62761819999997,
      "std_ms": 4.652381025878855,
      "min_ms": 32.29933299999921,
      "max_ms": 49.66462500000013,
      "p50_ms": 38.69100050000096,
      "p95_ms": 46.67620419999982,
      "p99_ms": 49.49694258999956
    },
    "result_parsing": {
      "count": 50,
      "mean_ms": 0.010147439999990127,
      "std_ms": 0.002389571829340365,
      "min_ms": 0.007249999999459078,
      "max_ms": 0.01762500000168643,
      "p50_ms": 0.009729000000291421,
      "p95_ms": 0.01617255000132544,
      "p99_ms": 0.01760442000085405
    },
    "drawing": {
      "count": 50,
      "mean_ms": 1.3676216800001484,
      "std_ms": 0.2846743063042057,
      "min_ms": 0.8760419999980229,
      "max_ms": 2.6719580000005294,
      "p50_ms": 1.4083750000004613,
      "p95_ms": 1.629791299999894,
      "p99_ms": 2.281714160000517
    },
    "total": {
      "count": 50,
      "mean_ms": 41.275855020000165,
      "std_ms": 4.793865892681038,
      "min_ms": 33.49141700000047,
      "max_ms": 51.0554170000006,
      "p50_ms": 40.24837500000089,
      "p95_ms": 49.751989800000544,
      "p99_ms": 50.97421959000016
    }
  }
}